cust_id,gender_prob,gender
3500,0.0,Female
3501,0.18545454545454546,Female
3502,0.0,Female
3503,0.6764705882352942,Male
3504,0.0,Female
3505,1.0,Male
3506,0.6,Male
3507,0.5240506329113924,Male
3508,0.6764705882352942,Male
3509,0.02,Female
3510,0.18181818181818182,Female
3511,0.0,Female
3512,0.0,Female
3513,0.25766871165644173,Female
3514,0.1111111111111111,Female
3515,0.0,Female
3516,0.02,Female
3517,0.4787234042553192,Female
3518,0.40540540540540543,Female
3519,0.4787234042553192,Female
3520,0.39603960396039606,Female
3521,0.39603960396039606,Female
3522,0.6578947368421053,Male
3523,0.1935483870967742,Female
3524,0.39603960396039606,Female
3525,0.0,Female
3526,0.0,Female
3527,0.0,Female
3528,1.0,Male
3529,0.5240506329113924,Male
3530,0.3684210526315789,Female
3531,0.0,Female
3532,0.0,Female
3533,0.5454545454545454,Male
3534,0.0,Female
3535,0.39603960396039606,Female
3536,1.0,Male
3537,0.4444444444444444,Female
3538,1.0,Male
3539,0.5240506329113924,Male
3540,0.0,Female
3541,0.0,Female
3542,0.39603960396039606,Female
3543,0.23853211009174313,Female
3544,0.39603960396039606,Female
3545,0.5714285714285714,Male
3546,0.18545454545454546,Female
3547,0.1935483870967742,Female
3548,0.5240506329113924,Male
3549,0.0,Female
3550,0.0,Female
3551,0.8333333333333334,Male
3552,0.39603960396039606,Female
3553,0.07142857142857142,Female
3554,0.4787234042553192,Female
3555,0.18545454545454546,Female
3556,1.0,Male
3557,0.4787234042553192,Female
3558,0.0,Female
3559,0.4444444444444444,Female
3560,0.0,Female
3561,0.4444444444444444,Female
3562,0.0,Female
3563,0.42105263157894735,Female
3564,0.0,Female
3565,0.39603960396039606,Female
3566,0.18545454545454546,Female
3567,0.8333333333333334,Male
3568,0.8888888888888888,Male
3569,0.39603960396039606,Female
3570,0.0,Female
3571,0.0,Female
3572,0.5240506329113924,Male
3573,0.4787234042553192,Female
3574,0.39603960396039606,Female
3575,0.6415094339622641,Male
3576,0.5240506329113924,Male
3577,0.0,Female
3578,1.0,Male
3579,0.18545454545454546,Female
3580,0.32,Female
3581,0.6578947368421053,Male
3582,0.5240506329113924,Male
3583,1.0,Male
3584,0.54,Male
3585,0.3684210526315789,Female
3586,0.0,Female
3587,0.1,Female
3588,0.0,Female
3589,0.4787234042553192,Female
3590,0.7777777777777778,Male
3591,0.4444444444444444,Female
3592,0.5240506329113924,Male
3593,0.4787234042553192,Female
3594,0.18181818181818182,Female
3595,0.39603960396039606,Female
3596,1.0,Male
3597,0.0,Female
3598,0.25766871165644173,Female
3599,0.5240506329113924,Male
3600,0.25766871165644173,Female
3601,0.0,Female
3602,0.5876288659793815,Male
3603,0.18545454545454546,Female
3604,0.39603960396039606,Female
3605,1.0,Male
3606,0.23853211009174313,Female
3607,0.39603960396039606,Female
3608,0.07142857142857142,Female
3609,0.0,Female
3610,0.39603960396039606,Female
3611,0.5240506329113924,Male
3612,0.6415094339622641,Male
3613,1.0,Male
3614,0.0,Female
3615,0.0,Female
3616,0.5240506329113924,Male
3617,1.0,Male
3618,0.5240506329113924,Male
3619,0.18545454545454546,Female
3620,0.0,Female
3621,0.39603960396039606,Female
3622,0.40540540540540543,Female
3623,0.4777777777777778,Female
3624,0.5,Female
3625,0.5240506329113924,Male
3626,0.23853211009174313,Female
3627,0.1935483870967742,Female
3628,0.39603960396039606,Female
3629,0.0,Female
3630,1.0,Male
3631,1.0,Male
3632,0.4444444444444444,Female
3633,0.25766871165644173,Female
3634,0.0,Female
3635,0.3684210526315789,Female
3636,0.40540540540540543,Female
3637,0.4444444444444444,Female
3638,0.09523809523809523,Female
3639,1.0,Male
3640,0.5240506329113924,Male
3641,0.0,Female
3642,1.0,Male
3643,0.0,Female
3644,0.07142857142857142,Female
3645,0.25766871165644173,Female
3646,0.09523809523809523,Female
3647,1.0,Male
3648,0.5240506329113924,Male
3649,0.39603960396039606,Female
3650,0.11764705882352941,Female
3651,0.5876288659793815,Male
3652,0.2,Female
3653,0.4787234042553192,Female
3654,0.23853211009174313,Female
3655,0.23853211009174313,Female
3656,0.39603960396039606,Female
3657,0.23853211009174313,Female
3658,0.1935483870967742,Female
3659,0.0,Female
3660,0.8888888888888888,Male
3661,0.39603960396039606,Female
3662,1.0,Male
3663,0.5240506329113924,Male
3664,0.5240506329113924,Male
3665,1.0,Male
3666,1.0,Male
3667,0.1935483870967742,Female
3668,1.0,Male
3669,0.5240506329113924,Male
3670,1.0,Male
3671,0.6578947368421053,Male
3672,0.18181818181818182,Female
3673,0.23853211009174313,Female
3674,1.0,Male
3675,1.0,Male
3676,0.0,Female
3677,0.5876288659793815,Male
3678,0.39603960396039606,Female
3679,0.39603960396039606,Female
3680,0.4444444444444444,Female
3681,0.5240506329113924,Male
3682,0.5240506329113924,Male
3683,0.18545454545454546,Female
3684,0.3684210526315789,Female
3685,0.39603960396039606,Female
3686,0.25766871165644173,Female
3687,0.5876288659793815,Male
3688,0.0,Female
3689,0.5240506329113924,Male
3690,1.0,Male
3691,0.02,Female
3692,0.5,Female
3693,0.4444444444444444,Female
3694,0.18545454545454546,Female
3695,1.0,Male
3696,0.23853211009174313,Female
3697,0.4444444444444444,Female
3698,0.1935483870967742,Female
3699,0.39603960396039606,Female
3700,0.25766871165644173,Female
3701,0.0,Female
3702,0.0,Female
3703,0.0,Female
3704,1.0,Male
3705,0.39603960396039606,Female
3706,0.3684210526315789,Female
3707,0.25766871165644173,Female
3708,0.0,Female
3709,0.18545454545454546,Female
3710,0.18545454545454546,Female
3711,0.25766871165644173,Female
3712,0.6415094339622641,Male
3713,0.1935483870967742,Female
3714,0.5876288659793815,Male
3715,0.25766871165644173,Female
3716,0.0,Female
3717,0.0,Female
3718,0.0,Female
3719,0.0,Female
3720,0.4787234042553192,Female
3721,0.5240506329113924,Male
3722,0.1935483870967742,Female
3723,0.39603960396039606,Female
3724,0.23853211009174313,Female
3725,0.40540540540540543,Female
3726,0.5240506329113924,Male
3727,0.23853211009174313,Female
3728,0.42857142857142855,Female
3729,0.4777777777777778,Female
3730,0.0,Female
3731,0.23853211009174313,Female
3732,0.4787234042553192,Female
3733,1.0,Male
3734,0.18545454545454546,Female
3735,1.0,Male
3736,0.0,Female
3737,0.39603960396039606,Female
3738,0.25766871165644173,Female
3739,0.4777777777777778,Female
3740,1.0,Male
3741,0.5240506329113924,Male
3742,0.23853211009174313,Female
3743,0.25766871165644173,Female
3744,0.0,Female
3745,0.25766871165644173,Female
3746,0.5876288659793815,Male
3747,0.02,Female
3748,0.18545454545454546,Female
3749,0.6415094339622641,Male
3750,0.23853211009174313,Female
3751,0.5240506329113924,Male
3752,0.18545454545454546,Female
3753,0.0,Female
3754,0.39603960396039606,Female
3755,0.8333333333333334,Male
3756,0.6415094339622641,Male
3757,0.39603960396039606,Female
3758,0.54,Male
3759,0.4444444444444444,Female
3760,0.18545454545454546,Female
3761,0.5240506329113924,Male
3762,0.11764705882352941,Female
3763,0.02,Female
3764,0.6764705882352942,Male
3765,0.0,Female
3766,0.5240506329113924,Male
3767,0.32,Female
3768,0.25766871165644173,Female
3769,0.2,Female
3770,0.5240506329113924,Male
3771,0.0,Female
3772,1.0,Male
3773,0.5,Female
3774,0.0,Female
3775,0.5240506329113924,Male
3776,0.5876288659793815,Male
3777,0.1,Female
3778,0.4787234042553192,Female
3779,0.4787234042553192,Female
3780,0.6764705882352942,Male
3781,0.40540540540540543,Female
3782,0.42857142857142855,Female
3783,0.0,Female
3784,0.5240506329113924,Male
3785,0.6578947368421053,Male
3786,0.7777777777777778,Male
3787,0.39603960396039606,Female
3788,0.6764705882352942,Male
3789,0.0,Female
3790,0.18545454545454546,Female
3791,0.39603960396039606,Female
3792,0.4777777777777778,Female
3793,0.6415094339622641,Male
3794,0.25766871165644173,Female
3795,0.373134328358209,Female
3796,0.18545454545454546,Female
3797,1.0,Male
3798,0.0,Female
3799,0.4787234042553192,Female
3800,0.18545454545454546,Female
3801,0.18545454545454546,Female
3802,0.0,Female
3803,0.1935483870967742,Female
3804,0.4444444444444444,Female
3805,0.4777777777777778,Female
3806,1.0,Male
3807,0.0,Female
3808,0.4777777777777778,Female
3809,0.0,Female
3810,1.0,Male
3811,0.4777777777777778,Female
3812,0.4787234042553192,Female
3813,0.5240506329113924,Male
3814,0.0,Female
3815,1.0,Male
3816,0.0,Female
3817,0.42105263157894735,Female
3818,0.23853211009174313,Female
3819,0.0,Female
3820,0.3684210526315789,Female
3821,0.4777777777777778,Female
3822,0.11764705882352941,Female
3823,0.18545454545454546,Female
3824,0.23853211009174313,Female
3825,0.5,Female
3826,0.23853211009174313,Female
3827,0.0,Female
3828,0.1935483870967742,Female
3829,0.0,Female
3830,1.0,Male
3831,0.3684210526315789,Female
3832,0.0,Female
3833,0.18545454545454546,Female
3834,0.39603960396039606,Female
3835,0.02,Female
3836,0.1935483870967742,Female
3837,0.18545454545454546,Female
3838,0.32,Female
3839,0.4444444444444444,Female
3840,0.4787234042553192,Female
3841,0.1935483870967742,Female
3842,0.3684210526315789,Female
3843,0.02,Female
3844,0.54,Male
3845,0.0,Female
3846,0.1,Female
3847,0.18181818181818182,Female
3848,0.3684210526315789,Female
3849,0.5240506329113924,Male
3850,0.25766871165644173,Female
3851,0.18545454545454546,Female
3852,0.23853211009174313,Female
3853,0.5240506329113924,Male
3854,0.39603960396039606,Female
3855,0.02,Female
3856,0.5876288659793815,Male
3857,0.02,Female
3858,0.1,Female
3859,0.6764705882352942,Male
3860,0.5,Female
3861,0.42105263157894735,Female
3862,0.3684210526315789,Female
3863,0.4444444444444444,Female
3864,0.373134328358209,Female
3865,0.6764705882352942,Male
3866,0.5240506329113924,Male
3867,0.0,Female
3868,0.6764705882352942,Male
3869,0.39603960396039606,Female
3870,1.0,Male
3871,0.0,Female
3872,0.6415094339622641,Male
3873,0.54,Male
3874,0.39603960396039606,Female
3875,0.0,Female
3876,0.25766871165644173,Female
3877,0.18545454545454546,Female
3878,0.4787234042553192,Female
3879,1.0,Male
3880,0.4787234042553192,Female
3881,0.1935483870967742,Female
3882,0.11764705882352941,Female
3883,0.4787234042553192,Female
3884,1.0,Male
3885,0.6578947368421053,Male
3886,0.373134328358209,Female
3887,0.4444444444444444,Female
3888,0.3684210526315789,Female
3889,0.25766871165644173,Female
3890,0.4777777777777778,Female
3891,0.25766871165644173,Female
3892,0.42105263157894735,Female
3893,0.3684210526315789,Female
3894,0.18545454545454546,Female
3895,0.18545454545454546,Female
3896,0.0,Female
3897,0.42105263157894735,Female
3898,0.6415094339622641,Male
3899,0.3684210526315789,Female
3900,0.6415094339622641,Male
3901,1.0,Male
3902,0.0,Female
3903,0.4787234042553192,Female
3904,0.3684210526315789,Female
3905,0.4444444444444444,Female
3906,0.0,Female
3907,0.0,Female
3908,0.23853211009174313,Female
3909,0.6666666666666666,Male
3910,0.0,Female
3911,0.18545454545454546,Female
3912,0.5240506329113924,Male
3913,0.5240506329113924,Male
3914,0.3684210526315789,Female
3915,0.02,Female
3916,0.11764705882352941,Female
3917,0.5240506329113924,Male
3918,0.6764705882352942,Male
3919,0.18545454545454546,Female
3920,1.0,Male
3921,0.4444444444444444,Female
3922,0.5876288659793815,Male
3923,0.0,Female
3924,0.5240506329113924,Male
3925,0.0,Female
3926,0.3684210526315789,Female
3927,0.18545454545454546,Female
3928,0.5240506329113924,Male
3929,0.4777777777777778,Female
3930,1.0,Male
3931,0.25766871165644173,Female
3932,0.8333333333333334,Male
3933,0.4777777777777778,Female
3934,0.0,Female
3935,0.0,Female
3936,0.18545454545454546,Female
3937,0.1935483870967742,Female
3938,0.8181818181818182,Male
3939,1.0,Male
3940,0.42857142857142855,Female
3941,0.39603960396039606,Female
3942,0.0,Female
3943,0.0,Female
3944,0.18545454545454546,Female
3945,0.54,Male
3946,0.0,Female
3947,1.0,Male
3948,0.4787234042553192,Female
3949,0.54,Male
3950,0.0,Female
3951,0.4787234042553192,Female
3952,0.23853211009174313,Female
3953,0.40540540540540543,Female
3954,1.0,Male
3955,0.32,Female
3956,0.23853211009174313,Female
3957,0.18545454545454546,Female
3958,0.32,Female
3959,0.0,Female
3960,0.6764705882352942,Male
3961,0.0,Female
3962,0.4777777777777778,Female
3963,0.25766871165644173,Female
3964,0.39603960396039606,Female
3965,0.5240506329113924,Male
3966,0.0,Female
3967,0.25766871165644173,Female
3968,0.6415094339622641,Male
3969,0.3684210526315789,Female
3970,0.42105263157894735,Female
3971,0.18545454545454546,Female
3972,0.5240506329113924,Male
3973,0.8181818181818182,Male
3974,0.4444444444444444,Female
3975,0.5240506329113924,Male
3976,0.4444444444444444,Female
3977,0.39603960396039606,Female
3978,0.5240506329113924,Male
3979,1.0,Male
3980,0.4787234042553192,Female
3981,0.0,Female
3982,0.39603960396039606,Female
3983,1.0,Male
3984,0.38461538461538464,Female
3985,0.0,Female
3986,0.1935483870967742,Female
3987,0.0,Female
3988,0.0,Female
3989,0.5240506329113924,Male
3990,0.23853211009174313,Female
3991,0.5240506329113924,Male
3992,0.0,Female
3993,0.25766871165644173,Female
3994,0.02,Female
3995,0.0,Female
3996,0.0,Female
3997,0.1935483870967742,Female
3998,0.5240506329113924,Male
3999,0.8181818181818182,Male
4000,0.23853211009174313,Female
4001,0.25766871165644173,Female
4002,1.0,Male
4003,0.18545454545454546,Female
4004,0.4444444444444444,Female
4005,0.0,Female
4006,0.373134328358209,Female
4007,1.0,Male
4008,0.3684210526315789,Female
4009,0.4444444444444444,Female
4010,1.0,Male
4011,1.0,Male
4012,0.4787234042553192,Female
4013,1.0,Male
4014,0.0,Female
4015,0.4787234042553192,Female
4016,0.3684210526315789,Female
4017,0.0,Female
4018,0.39603960396039606,Female
4019,0.4444444444444444,Female
4020,0.18545454545454546,Female
4021,0.39603960396039606,Female
4022,0.1111111111111111,Female
4023,0.4444444444444444,Female
4024,0.40540540540540543,Female
4025,0.0,Female
4026,0.5876288659793815,Male
4027,0.4777777777777778,Female
4028,0.3684210526315789,Female
4029,0.1935483870967742,Female
4030,0.18545454545454546,Female
4031,0.0,Female
4032,0.5876288659793815,Male
4033,1.0,Male
4034,0.1,Female
4035,0.39603960396039606,Female
4036,0.7777777777777778,Male
4037,0.02,Female
4038,1.0,Male
4039,0.18545454545454546,Female
4040,1.0,Male
4041,0.5876288659793815,Male
4042,0.0,Female
4043,0.3684210526315789,Female
4044,0.5876288659793815,Male
4045,0.4777777777777778,Female
4046,0.0,Female
4047,0.18545454545454546,Female
4048,1.0,Male
4049,0.4444444444444444,Female
4050,0.18545454545454546,Female
4051,0.3333333333333333,Female
4052,0.18545454545454546,Female
4053,0.0,Female
4054,0.39603960396039606,Female
4055,0.5240506329113924,Male
4056,1.0,Male
4057,0.0,Female
4058,1.0,Male
4059,1.0,Male
4060,0.5876288659793815,Male
4061,0.0,Female
4062,0.6764705882352942,Male
4063,0.25766871165644173,Female
4064,0.5240506329113924,Male
4065,0.0,Female
4066,0.0,Female
4067,0.0,Female
4068,0.18545454545454546,Female
4069,0.4787234042553192,Female
4070,0.18545454545454546,Female
4071,0.54,Male
4072,0.0,Female
4073,0.1935483870967742,Female
4074,1.0,Male
4075,0.39603960396039606,Female
4076,0.23853211009174313,Female
4077,0.3684210526315789,Female
4078,0.373134328358209,Female
4079,1.0,Male
4080,0.6415094339622641,Male
4081,1.0,Male
4082,0.25766871165644173,Female
4083,0.39603960396039606,Female
4084,0.5240506329113924,Male
4085,0.0,Female
4086,0.5240506329113924,Male
4087,0.5876288659793815,Male
4088,0.4444444444444444,Female
4089,0.18545454545454546,Female
4090,0.18545454545454546,Female
4091,0.4777777777777778,Female
4092,0.4787234042553192,Female
4093,0.6415094339622641,Male
4094,0.23853211009174313,Female
4095,0.0,Female
4096,1.0,Male
4097,0.5240506329113924,Male
4098,1.0,Male
4099,0.4777777777777778,Female
4100,1.0,Male
4101,0.39603960396039606,Female
4102,0.4444444444444444,Female
4103,0.1935483870967742,Female
4104,0.18545454545454546,Female
4105,1.0,Male
4106,0.18545454545454546,Female
4107,0.3684210526315789,Female
4108,1.0,Male
4109,0.5454545454545454,Male
4110,0.02,Female
4111,0.5240506329113924,Male
4112,0.3684210526315789,Female
4113,0.5,Female
4114,1.0,Male
4115,0.6578947368421053,Male
4116,0.5240506329113924,Male
4117,1.0,Male
4118,0.0,Female
4119,0.5876288659793815,Male
4120,0.4787234042553192,Female
4121,1.0,Male
4122,0.5876288659793815,Male
4123,0.23853211009174313,Female
4124,0.8181818181818182,Male
4125,0.3684210526315789,Female
4126,0.1935483870967742,Female
4127,0.02,Female
4128,0.0,Female
4129,1.0,Male
4130,0.4787234042553192,Female
4131,0.0,Female
4132,0.0,Female
4133,0.18181818181818182,Female
4134,1.0,Male
4135,0.0,Female
4136,1.0,Male
4137,0.25766871165644173,Female
4138,0.0,Female
4139,0.4787234042553192,Female
4140,0.6415094339622641,Male
4141,0.02,Female
4142,0.18545454545454546,Female
4143,0.42105263157894735,Female
4144,1.0,Male
4145,1.0,Male
4146,0.25766871165644173,Female
4147,0.5240506329113924,Male
4148,0.32,Female
4149,0.5240506329113924,Male
4150,0.3684210526315789,Female
4151,0.4777777777777778,Female
4152,0.40540540540540543,Female
4153,0.0,Female
4154,0.25766871165644173,Female
4155,0.11764705882352941,Female
4156,0.0,Female
4157,0.25766871165644173,Female
4158,0.3333333333333333,Female
4159,0.1,Female
4160,0.6415094339622641,Male
4161,1.0,Male
4162,0.4777777777777778,Female
4163,0.23853211009174313,Female
4164,0.5240506329113924,Male
4165,0.09090909090909091,Female
4166,0.39603960396039606,Female
4167,0.6578947368421053,Male
4168,0.0,Female
4169,0.18181818181818182,Female
4170,0.39603960396039606,Female
4171,0.5240506329113924,Male
4172,0.25766871165644173,Female
4173,0.4444444444444444,Female
4174,1.0,Male
4175,0.1,Female
4176,0.5876288659793815,Male
4177,0.25766871165644173,Female
4178,0.39603960396039606,Female
4179,0.18545454545454546,Female
4180,0.0,Female
4181,0.0,Female
4182,1.0,Male
4183,0.25766871165644173,Female
4184,0.1935483870967742,Female
4185,0.18545454545454546,Female
4186,0.4444444444444444,Female
4187,0.1935483870967742,Female
4188,0.5240506329113924,Male
4189,1.0,Male
4190,0.0,Female
4191,0.0,Female
4192,0.5240506329113924,Male
4193,0.5240506329113924,Male
4194,0.40540540540540543,Female
4195,0.4777777777777778,Female
4196,0.373134328358209,Female
4197,0.0,Female
4198,0.4787234042553192,Female
4199,0.3684210526315789,Female
4200,0.39603960396039606,Female
4201,0.4777777777777778,Female
4202,0.1935483870967742,Female
4203,0.5240506329113924,Male
4204,0.4444444444444444,Female
4205,0.1935483870967742,Female
4206,1.0,Male
4207,0.25766871165644173,Female
4208,0.11764705882352941,Female
4209,0.6764705882352942,Male
4210,0.8888888888888888,Male
4211,0.0,Female
4212,0.39603960396039606,Female
4213,0.25766871165644173,Female
4214,1.0,Male
4215,1.0,Male
4216,1.0,Male
4217,1.0,Male
4218,0.4787234042553192,Female
4219,0.5240506329113924,Male
4220,0.6578947368421053,Male
4221,0.39603960396039606,Female
4222,0.39603960396039606,Female
4223,0.0,Female
4224,0.18545454545454546,Female
4225,0.0,Female
4226,1.0,Male
4227,0.5240506329113924,Male
4228,0.39603960396039606,Female
4229,0.39603960396039606,Female
4230,0.5240506329113924,Male
4231,0.4444444444444444,Female
4232,0.0,Female
4233,0.18545454545454546,Female
4234,1.0,Male
4235,0.5240506329113924,Male
4236,0.25766871165644173,Female
4237,1.0,Male
4238,0.5,Female
4239,0.4787234042553192,Female
4240,0.18545454545454546,Female
4241,1.0,Male
4242,0.42105263157894735,Female
4243,0.18545454545454546,Female
4244,0.0,Female
4245,0.3684210526315789,Female
4246,1.0,Male
4247,0.39603960396039606,Female
4248,0.42105263157894735,Female
4249,0.5240506329113924,Male
4250,1.0,Male
4251,1.0,Male
4252,1.0,Male
4253,0.4444444444444444,Female
4254,0.39603960396039606,Female
4255,0.8888888888888888,Male
4256,0.02,Female
4257,0.0,Female
4258,0.5240506329113924,Male
4259,0.8181818181818182,Male
4260,1.0,Male
4261,0.0,Female
4262,0.25766871165644173,Female
4263,0.0,Female
4264,0.39603960396039606,Female
4265,0.0,Female
4266,1.0,Male
4267,0.18545454545454546,Female
4268,0.1,Female
4269,0.25766871165644173,Female
4270,0.39603960396039606,Female
4271,0.39603960396039606,Female
4272,0.18545454545454546,Female
4273,1.0,Male
4274,0.8333333333333334,Male
4275,0.5454545454545454,Male
4276,0.5240506329113924,Male
4277,0.39603960396039606,Female
4278,0.8888888888888888,Male
4279,0.40540540540540543,Female
4280,0.0,Female
4281,0.1,Female
4282,0.0,Female
4283,0.0,Female
4284,0.5240506329113924,Male
4285,0.5240506329113924,Male
4286,1.0,Male
4287,0.5240506329113924,Male
4288,1.0,Male
4289,1.0,Male
4290,0.18545454545454546,Female
4291,0.18181818181818182,Female
4292,1.0,Male
4293,0.39603960396039606,Female
4294,1.0,Male
4295,0.02,Female
4296,0.23853211009174313,Female
4297,0.3684210526315789,Female
4298,0.1935483870967742,Female
4299,0.5240506329113924,Male
4300,0.0,Female
4301,0.02,Female
4302,0.18545454545454546,Female
4303,0.0,Female
4304,0.5,Female
4305,0.5240506329113924,Male
4306,0.5240506329113924,Male
4307,0.0,Female
4308,0.0,Female
4309,0.02,Female
4310,0.0,Female
4311,0.5876288659793815,Male
4312,0.5876288659793815,Male
4313,0.4777777777777778,Female
4314,0.18545454545454546,Female
4315,0.5240506329113924,Male
4316,0.5876288659793815,Male
4317,1.0,Male
4318,0.4444444444444444,Female
4319,0.6415094339622641,Male
4320,0.23853211009174313,Female
4321,0.38461538461538464,Female
4322,0.1,Female
4323,1.0,Male
4324,0.4787234042553192,Female
4325,0.5876288659793815,Male
4326,0.40540540540540543,Female
4327,0.0,Female
4328,0.18545454545454546,Female
4329,0.39603960396039606,Female
4330,0.4444444444444444,Female
4331,0.39603960396039606,Female
4332,0.5240506329113924,Male
4333,0.0,Female
4334,0.0,Female
4335,0.09523809523809523,Female
4336,0.6578947368421053,Male
4337,0.40540540540540543,Female
4338,0.5240506329113924,Male
4339,0.0,Female
4340,1.0,Male
4341,0.5240506329113924,Male
4342,0.6764705882352942,Male
4343,0.18545454545454546,Female
4344,0.75,Male
4345,0.18545454545454546,Female
4346,0.18545454545454546,Female
4347,0.39603960396039606,Female
4348,0.0,Female
4349,0.0,Female
4350,0.0,Female
4351,0.1935483870967742,Female
4352,0.5240506329113924,Male
4353,0.4787234042553192,Female
4354,0.3684210526315789,Female
4355,0.4787234042553192,Female
4356,0.5240506329113924,Male
4357,0.3333333333333333,Female
4358,0.0,Female
4359,0.3333333333333333,Female
4360,0.0,Female
4361,0.5240506329113924,Male
4362,0.25766871165644173,Female
4363,0.5876288659793815,Male
4364,1.0,Male
4365,0.25766871165644173,Female
4366,0.0,Female
4367,0.5876288659793815,Male
4368,0.18545454545454546,Female
4369,1.0,Male
4370,0.4444444444444444,Female
4371,0.40540540540540543,Female
4372,1.0,Male
4373,0.5240506329113924,Male
4374,0.0,Female
4375,1.0,Male
4376,0.23853211009174313,Female
4377,0.0,Female
4378,0.25766871165644173,Female
4379,0.4787234042553192,Female
4380,0.5876288659793815,Male
4381,0.2,Female
4382,0.2,Female
4383,0.5240506329113924,Male
4384,0.5876288659793815,Male
4385,0.25766871165644173,Female
4386,0.0,Female
4387,0.5240506329113924,Male
4388,0.373134328358209,Female
4389,0.4777777777777778,Female
4390,0.0,Female
4391,0.4787234042553192,Female
4392,1.0,Male
4393,0.0,Female
4394,0.8888888888888888,Male
4395,0.4787234042553192,Female
4396,0.4787234042553192,Female
4397,0.18545454545454546,Female
4398,0.5240506329113924,Male
4399,1.0,Male
4400,0.25766871165644173,Female
4401,0.23853211009174313,Female
4402,0.4787234042553192,Female
4403,0.5,Female
4404,0.39603960396039606,Female
4405,0.0,Female
4406,0.7777777777777778,Male
4407,0.5714285714285714,Male
4408,0.5876288659793815,Male
4409,0.1,Female
4410,0.373134328358209,Female
4411,0.23853211009174313,Female
4412,0.18545454545454546,Female
4413,0.42105263157894735,Female
4414,0.5240506329113924,Male
4415,0.4444444444444444,Female
4416,0.6764705882352942,Male
4417,0.25766871165644173,Female
4418,0.7777777777777778,Male
4419,1.0,Male
4420,0.42105263157894735,Female
4421,1.0,Male
4422,0.373134328358209,Female
4423,0.5240506329113924,Male
4424,0.6578947368421053,Male
4425,0.16666666666666666,Female
4426,0.4444444444444444,Female
4427,0.25766871165644173,Female
4428,0.6764705882352942,Male
4429,0.5240506329113924,Male
4430,0.42857142857142855,Female
4431,0.39603960396039606,Female
4432,0.5240506329113924,Male
4433,0.18545454545454546,Female
4434,0.18545454545454546,Female
4435,1.0,Male
4436,0.1935483870967742,Female
4437,0.38461538461538464,Female
4438,0.25766871165644173,Female
4439,0.8333333333333334,Male
4440,0.0,Female
4441,0.0,Female
4442,0.4787234042553192,Female
4443,0.18545454545454546,Female
4444,0.5240506329113924,Male
4445,0.0,Female
4446,0.4787234042553192,Female
4447,0.6415094339622641,Male
4448,0.1111111111111111,Female
4449,0.25766871165644173,Female
4450,0.18545454545454546,Female
4451,1.0,Male
4452,0.4777777777777778,Female
4453,0.0,Female
4454,1.0,Male
4455,0.0,Female
4456,0.0,Female
4457,0.18545454545454546,Female
4458,0.18545454545454546,Female
4459,0.18545454545454546,Female
4460,0.39603960396039606,Female
4461,0.0,Female
4462,0.5240506329113924,Male
4463,0.5240506329113924,Male
4464,0.18545454545454546,Female
4465,0.4444444444444444,Female
4466,1.0,Male
4467,1.0,Male
4468,1.0,Male
4469,0.5876288659793815,Male
4470,0.18545454545454546,Female
4471,0.0,Female
4472,1.0,Male
4473,0.6578947368421053,Male
4474,0.3684210526315789,Female
4475,1.0,Male
4476,0.0,Female
4477,0.18545454545454546,Female
4478,0.0,Female
4479,0.4787234042553192,Female
4480,0.3684210526315789,Female
4481,0.18545454545454546,Female
4482,0.7777777777777778,Male
4483,0.02,Female
4484,0.5240506329113924,Male
4485,0.25766871165644173,Female
4486,0.0,Female
4487,0.23853211009174313,Female
4488,0.18181818181818182,Female
4489,0.8888888888888888,Male
4490,1.0,Male
4491,0.4444444444444444,Female
4492,0.5240506329113924,Male
4493,0.39603960396039606,Female
4494,0.02,Female
4495,0.5714285714285714,Male
4496,0.25766871165644173,Female
4497,1.0,Male
4498,0.5,Female
4499,0.4787234042553192,Female
4500,0.4777777777777778,Female
4501,0.25766871165644173,Female
4502,0.18545454545454546,Female
4503,0.5876288659793815,Male
4504,0.4444444444444444,Female
4505,0.5240506329113924,Male
4506,0.25766871165644173,Female
4507,0.18545454545454546,Female
4508,0.39603960396039606,Female
4509,0.3684210526315789,Female
4510,0.1,Female
4511,0.23853211009174313,Female
4512,0.8181818181818182,Male
4513,0.39603960396039606,Female
4514,1.0,Male
4515,0.23853211009174313,Female
4516,0.07142857142857142,Female
4517,0.0,Female
4518,0.3684210526315789,Female
4519,1.0,Male
4520,0.5240506329113924,Male
4521,0.5876288659793815,Male
4522,0.18545454545454546,Female
4523,0.02,Female
4524,0.6578947368421053,Male
4525,0.5240506329113924,Male
4526,0.4787234042553192,Female
4527,0.0,Female
4528,0.4777777777777778,Female
4529,0.07142857142857142,Female
4530,0.5240506329113924,Male
4531,0.32,Female
4532,0.5240506329113924,Male
4533,0.0,Female
4534,0.6415094339622641,Male
4535,0.18545454545454546,Female
4536,0.4787234042553192,Female
4537,0.3684210526315789,Female
4538,0.4444444444444444,Female
4539,0.5240506329113924,Male
4540,0.4787234042553192,Female
4541,0.39603960396039606,Female
4542,0.5240506329113924,Male
4543,0.4444444444444444,Female
4544,0.42105263157894735,Female
4545,0.39603960396039606,Female
4546,0.18545454545454546,Female
4547,0.0,Female
4548,0.23853211009174313,Female
4549,0.4787234042553192,Female
4550,0.2,Female
4551,0.5240506329113924,Male
4552,0.3684210526315789,Female
4553,0.23853211009174313,Female
4554,0.5240506329113924,Male
4555,0.0,Female
4556,0.5240506329113924,Male
4557,0.23853211009174313,Female
4558,0.5876288659793815,Male
4559,1.0,Male
4560,0.4787234042553192,Female
4561,0.18545454545454546,Female
4562,0.4787234042553192,Female
4563,0.5240506329113924,Male
4564,0.25766871165644173,Female
4565,0.5240506329113924,Male
4566,0.0,Female
4567,1.0,Male
4568,0.5240506329113924,Male
4569,1.0,Male
4570,0.18181818181818182,Female
4571,0.39603960396039606,Female
4572,0.02,Female
4573,0.02,Female
4574,0.4777777777777778,Female
4575,0.4777777777777778,Female
4576,0.39603960396039606,Female
4577,0.5240506329113924,Male
4578,0.23853211009174313,Female
4579,0.0,Female
4580,0.0,Female
4581,0.5240506329113924,Male
4582,0.18545454545454546,Female
4583,0.8181818181818182,Male
4584,0.0,Female
4585,0.0,Female
4586,0.54,Male
4587,0.23853211009174313,Female
4588,0.23853211009174313,Female
4589,0.0,Female
4590,0.54,Male
4591,0.25766871165644173,Female
4592,0.25766871165644173,Female
4593,0.8333333333333334,Male
4594,0.0,Female
4595,0.25766871165644173,Female
4596,1.0,Male
4597,0.5240506329113924,Male
4598,0.5240506329113924,Male
4599,0.25766871165644173,Female
4600,0.54,Male
4601,0.39603960396039606,Female
4602,0.0,Female
4603,0.0,Female
4604,0.5240506329113924,Male
4605,0.39603960396039606,Female
4606,0.0,Female
4607,0.18181818181818182,Female
4608,0.1,Female
4609,0.6415094339622641,Male
4610,0.40540540540540543,Female
4611,0.23853211009174313,Female
4612,0.0,Female
4613,0.4787234042553192,Female
4614,0.39603960396039606,Female
4615,0.39603960396039606,Female
4616,0.18545454545454546,Female
4617,0.39603960396039606,Female
4618,0.42105263157894735,Female
4619,0.32,Female
4620,0.5240506329113924,Male
4621,0.0,Female
4622,1.0,Male
4623,1.0,Male
4624,0.39603960396039606,Female
4625,0.4787234042553192,Female
4626,0.0,Female
4627,0.0,Female
4628,0.6764705882352942,Male
4629,0.3684210526315789,Female
4630,0.0,Female
4631,0.23853211009174313,Female
4632,0.18545454545454546,Female
4633,0.18545454545454546,Female
4634,0.25766871165644173,Female
4635,0.5,Female
4636,0.4777777777777778,Female
4637,1.0,Male
4638,0.42105263157894735,Female
4639,0.42105263157894735,Female
4640,0.0,Female
4641,0.5240506329113924,Male
4642,0.0,Female
4643,0.18545454545454546,Female
4644,0.09523809523809523,Female
4645,0.5240506329113924,Male
4646,1.0,Male
4647,0.4777777777777778,Female
4648,0.5240506329113924,Male
4649,0.54,Male
4650,0.4787234042553192,Female
4651,0.02,Female
4652,0.0,Female
4653,0.39603960396039606,Female
4654,0.0,Female
4655,0.4787234042553192,Female
4656,1.0,Male
4657,0.4787234042553192,Female
4658,0.4787234042553192,Female
4659,0.5240506329113924,Male
4660,0.0,Female
4661,0.0,Female
4662,0.18545454545454546,Female
4663,0.4787234042553192,Female
4664,0.18545454545454546,Female
4665,1.0,Male
4666,0.18545454545454546,Female
4667,0.5,Female
4668,0.09523809523809523,Female
4669,0.40540540540540543,Female
4670,1.0,Male
4671,0.0,Female
4672,0.18545454545454546,Female
4673,0.0,Female
4674,0.4787234042553192,Female
4675,0.5240506329113924,Male
4676,0.3684210526315789,Female
4677,0.0,Female
4678,0.0,Female
4679,0.5240506329113924,Male
4680,1.0,Male
4681,0.25766871165644173,Female
4682,0.18545454545454546,Female
4683,0.0,Female
4684,0.4777777777777778,Female
4685,0.0,Female
4686,0.0,Female
4687,0.0,Female
4688,0.25766871165644173,Female
4689,0.18545454545454546,Female
4690,0.18545454545454546,Female
4691,0.6764705882352942,Male
4692,0.18545454545454546,Female
4693,0.0,Female
4694,0.0,Female
4695,0.3684210526315789,Female
4696,0.25766871165644173,Female
4697,1.0,Male
4698,0.373134328358209,Female
4699,0.0,Female
4700,0.18545454545454546,Female
4701,0.3684210526315789,Female
4702,0.18545454545454546,Female
4703,0.02,Female
4704,0.4777777777777778,Female
4705,0.6764705882352942,Male
4706,0.3684210526315789,Female
4707,0.6578947368421053,Male
4708,0.3684210526315789,Female
4709,0.39603960396039606,Female
4710,0.0,Female
4711,0.0,Female
4712,0.5240506329113924,Male
4713,0.5876288659793815,Male
4714,0.5240506329113924,Male
4715,0.40540540540540543,Female
4716,0.3684210526315789,Female
4717,0.3684210526315789,Female
4718,0.5240506329113924,Male
4719,1.0,Male
4720,0.5240506329113924,Male
4721,0.39603960396039606,Female
4722,0.6,Male
4723,0.5876288659793815,Male
4724,0.3684210526315789,Female
4725,0.8333333333333334,Male
4726,1.0,Male
4727,0.6,Male
4728,0.0,Female
4729,0.0,Female
4730,0.5240506329113924,Male
4731,0.5240506329113924,Male
4732,0.4777777777777778,Female
4733,0.3684210526315789,Female
4734,1.0,Male
4735,0.42105263157894735,Female
4736,0.4787234042553192,Female
4737,0.54,Male
4738,0.23853211009174313,Female
4739,0.5240506329113924,Male
4740,0.1935483870967742,Female
4741,0.54,Male
4742,0.25766871165644173,Female
4743,1.0,Male
4744,0.25766871165644173,Female
4745,0.5240506329113924,Male
4746,0.5876288659793815,Male
4747,0.09523809523809523,Female
4748,0.5240506329113924,Male
4749,0.0,Female
4750,0.75,Male
4751,0.18545454545454546,Female
4752,0.1111111111111111,Female
4753,0.0,Female
4754,0.23853211009174313,Female
4755,0.0,Female
4756,0.0,Female
4757,1.0,Male
4758,0.8181818181818182,Male
4759,0.0,Female
4760,0.4444444444444444,Female
4761,0.5240506329113924,Male
4762,0.54,Male
4763,0.0,Female
4764,0.25766871165644173,Female
4765,0.11764705882352941,Female
4766,1.0,Male
4767,0.4777777777777778,Female
4768,0.0,Female
4769,0.4787234042553192,Female
4770,0.39603960396039606,Female
4771,0.6415094339622641,Male
4772,0.0,Female
4773,0.25766871165644173,Female
4774,0.3684210526315789,Female
4775,0.5240506329113924,Male
4776,0.1,Female
4777,1.0,Male
4778,0.6764705882352942,Male
4779,0.18545454545454546,Female
4780,0.4787234042553192,Female
4781,0.4777777777777778,Female
4782,1.0,Male
4783,0.7777777777777778,Male
4784,0.0,Female
4785,0.02,Female
4786,0.54,Male
4787,1.0,Male
4788,0.4444444444444444,Female
4789,0.5240506329113924,Male
4790,0.373134328358209,Female
4791,0.0,Female
4792,0.6415094339622641,Male
4793,1.0,Male
4794,0.39603960396039606,Female
4795,0.1935483870967742,Female
4796,0.39603960396039606,Female
4797,0.39603960396039606,Female
4798,0.4787234042553192,Female
4799,0.18545454545454546,Female
4800,0.0,Female
4801,0.5240506329113924,Male
4802,0.25766871165644173,Female
4803,0.0,Female
4804,0.39603960396039606,Female
4805,1.0,Male
4806,0.25766871165644173,Female
4807,1.0,Male
4808,0.18545454545454546,Female
4809,0.5,Female
4810,0.0,Female
4811,0.25766871165644173,Female
4812,0.39603960396039606,Female
4813,0.09523809523809523,Female
4814,0.5,Female
4815,0.8333333333333334,Male
4816,0.0,Female
4817,0.5240506329113924,Male
4818,0.6578947368421053,Male
4819,0.5876288659793815,Male
4820,0.25766871165644173,Female
4821,0.5876288659793815,Male
4822,0.0,Female
4823,0.0,Female
4824,0.3684210526315789,Female
4825,0.18545454545454546,Female
4826,1.0,Male
4827,0.0,Female
4828,0.0,Female
4829,0.25766871165644173,Female
4830,0.0,Female
4831,0.0,Female
4832,0.25766871165644173,Female
4833,1.0,Male
4834,0.39603960396039606,Female
4835,0.0,Female
4836,1.0,Male
4837,0.23853211009174313,Female
4838,0.5240506329113924,Male
4839,0.25766871165644173,Female
4840,0.39603960396039606,Female
4841,1.0,Male
4842,0.25766871165644173,Female
4843,0.5,Female
4844,0.5240506329113924,Male
4845,0.0,Female
4846,0.4444444444444444,Female
4847,0.6415094339622641,Male
4848,0.5240506329113924,Male
4849,0.0,Female
4850,1.0,Male
4851,0.4787234042553192,Female
4852,0.25766871165644173,Female
4853,1.0,Male
4854,0.5240506329113924,Male
4855,0.09523809523809523,Female
4856,0.7777777777777778,Male
4857,0.18545454545454546,Female
4858,0.6415094339622641,Male
4859,0.25766871165644173,Female
4860,0.5240506329113924,Male
4861,0.4777777777777778,Female
4862,0.5240506329113924,Male
4863,0.25766871165644173,Female
4864,0.373134328358209,Female
4865,0.0,Female
4866,0.3684210526315789,Female
4867,1.0,Male
4868,0.02,Female
4869,0.25766871165644173,Female
4870,0.02,Female
4871,0.6415094339622641,Male
4872,0.09523809523809523,Female
4873,0.25766871165644173,Female
4874,1.0,Male
4875,0.4777777777777778,Female
4876,1.0,Male
4877,1.0,Male
4878,0.373134328358209,Female
4879,1.0,Male
4880,0.18545454545454546,Female
4881,0.54,Male
4882,0.4777777777777778,Female
4883,1.0,Male
4884,0.5240506329113924,Male
4885,0.4787234042553192,Female
4886,1.0,Male
4887,0.18545454545454546,Female
4888,1.0,Male
4889,0.1935483870967742,Female
4890,0.5240506329113924,Male
4891,1.0,Male
4892,1.0,Male
4893,0.5240506329113924,Male
4894,0.25766871165644173,Female
4895,0.3684210526315789,Female
4896,0.5240506329113924,Male
4897,1.0,Male
4898,0.18545454545454546,Female
4899,1.0,Male
4900,0.4787234042553192,Female
4901,1.0,Male
4902,0.4777777777777778,Female
4903,0.0,Female
4904,0.09090909090909091,Female
4905,0.09090909090909091,Female
4906,0.5240506329113924,Male
4907,0.4787234042553192,Female
4908,0.18545454545454546,Female
4909,0.40540540540540543,Female
4910,0.1935483870967742,Female
4911,0.5240506329113924,Male
4912,0.4777777777777778,Female
4913,0.0,Female
4914,0.6415094339622641,Male
4915,0.4444444444444444,Female
4916,0.09523809523809523,Female
4917,0.75,Male
4918,1.0,Male
4919,0.6415094339622641,Male
4920,0.6578947368421053,Male
4921,0.6666666666666666,Male
4922,1.0,Male
4923,0.0,Female
4924,0.2,Female
4925,0.4787234042553192,Female
4926,0.5240506329113924,Male
4927,0.3684210526315789,Female
4928,0.0,Female
4929,0.0,Female
4930,0.0,Female
4931,0.25766871165644173,Female
4932,1.0,Male
4933,1.0,Male
4934,0.6415094339622641,Male
4935,0.39603960396039606,Female
4936,0.02,Female
4937,0.4444444444444444,Female
4938,0.09523809523809523,Female
4939,0.23853211009174313,Female
4940,0.1111111111111111,Female
4941,0.32,Female
4942,0.0,Female
4943,0.0,Female
4944,0.02,Female
4945,0.5240506329113924,Male
4946,0.4777777777777778,Female
4947,0.0,Female
4948,0.4787234042553192,Female
4949,0.18545454545454546,Female
4950,0.6578947368421053,Male
4951,0.32,Female
4952,0.1935483870967742,Female
4953,0.18545454545454546,Female
4954,0.54,Male
4955,0.6415094339622641,Male
4956,0.5240506329113924,Male
4957,0.4787234042553192,Female
4958,0.5240506329113924,Male
4959,0.0,Female
4960,0.18545454545454546,Female
4961,0.4787234042553192,Female
4962,0.40540540540540543,Female
4963,0.373134328358209,Female
4964,0.4787234042553192,Female
4965,0.373134328358209,Female
4966,0.4777777777777778,Female
4967,0.5240506329113924,Male
4968,0.18545454545454546,Female
4969,1.0,Male
4970,0.0,Female
4971,0.5876288659793815,Male
4972,0.5,Female
4973,0.8333333333333334,Male
4974,0.373134328358209,Female
4975,0.39603960396039606,Female
4976,0.7777777777777778,Male
4977,0.18545454545454546,Female
4978,0.8888888888888888,Male
4979,0.6415094339622641,Male
4980,0.75,Male
4981,1.0,Male
4982,0.4787234042553192,Female
4983,0.8181818181818182,Male
4984,0.5240506329113924,Male
4985,0.5876288659793815,Male
4986,0.25766871165644173,Female
4987,0.4777777777777778,Female
4988,0.0,Female
4989,0.5240506329113924,Male
4990,0.4787234042553192,Female
4991,0.4444444444444444,Female
4992,1.0,Male
4993,0.18545454545454546,Female
4994,0.4777777777777778,Female
4995,0.0,Female
4996,0.3684210526315789,Female
4997,0.373134328358209,Female
4998,0.5,Female
4999,0.23853211009174313,Female
5000,0.23853211009174313,Female
5001,0.4777777777777778,Female
5002,0.25766871165644173,Female
5003,0.39603960396039606,Female
5004,0.23853211009174313,Female
5005,0.0,Female
5006,0.5240506329113924,Male
5007,0.5240506329113924,Male
5008,0.5,Female
5009,1.0,Male
5010,0.0,Female
5011,0.0,Female
5012,0.4444444444444444,Female
5013,0.6578947368421053,Male
5014,0.0,Female
5015,0.0,Female
5016,0.6578947368421053,Male
5017,0.39603960396039606,Female
5018,0.1935483870967742,Female
5019,1.0,Male
5020,0.0,Female
5021,0.1,Female
5022,0.6415094339622641,Male
5023,1.0,Male
5024,0.39603960396039606,Female
5025,0.5240506329113924,Male
5026,0.5240506329113924,Male
5027,0.0,Female
5028,0.18545454545454546,Female
5029,0.0,Female
5030,0.39603960396039606,Female
5031,0.4787234042553192,Female
5032,0.373134328358209,Female
5033,0.5876288659793815,Male
5034,0.5240506329113924,Male
5035,0.07142857142857142,Female
5036,0.54,Male
5037,0.54,Male
5038,0.18545454545454546,Female
5039,0.0,Female
5040,0.0,Female
5041,0.42105263157894735,Female
5042,0.18545454545454546,Female
5043,0.42105263157894735,Female
5044,0.373134328358209,Female
5045,0.0,Female
5046,0.18545454545454546,Female
5047,0.3684210526315789,Female
5048,0.5876288659793815,Male
5049,0.6415094339622641,Male
5050,0.4787234042553192,Female
5051,0.3684210526315789,Female
5052,0.5876288659793815,Male
5053,1.0,Male
5054,0.6415094339622641,Male
5055,0.6578947368421053,Male
5056,0.40540540540540543,Female
5057,0.0,Female
5058,1.0,Male
5059,0.25766871165644173,Female
5060,0.4787234042553192,Female
5061,0.18545454545454546,Female
5062,0.0,Female
5063,0.6415094339622641,Male
5064,0.3684210526315789,Female
5065,1.0,Male
5066,0.18545454545454546,Female
5067,0.3684210526315789,Female
5068,0.18545454545454546,Female
5069,0.1,Female
5070,1.0,Male
5071,1.0,Male
5072,0.5,Female
5073,0.5240506329113924,Male
5074,0.02,Female
5075,0.18181818181818182,Female
5076,0.5240506329113924,Male
5077,0.39603960396039606,Female
5078,0.0,Female
5079,0.4777777777777778,Female
5080,0.18545454545454546,Female
5081,0.54,Male
5082,0.23853211009174313,Female
5083,0.3684210526315789,Female
5084,0.5240506329113924,Male
5085,0.54,Male
5086,0.0,Female
5087,0.39603960396039606,Female
5088,0.5240506329113924,Male
5089,0.23853211009174313,Female
5090,0.39603960396039606,Female
5091,0.4777777777777778,Female
5092,0.0,Female
5093,0.0,Female
5094,0.5876288659793815,Male
5095,0.39603960396039606,Female
5096,0.0,Female
5097,0.4787234042553192,Female
5098,0.54,Male
5099,0.18545454545454546,Female
5100,0.07142857142857142,Female
5101,0.5,Female
5102,0.18545454545454546,Female
5103,1.0,Male
5104,0.3684210526315789,Female
5105,0.02,Female
5106,0.6578947368421053,Male
5107,0.5,Female
5108,0.23853211009174313,Female
5109,0.0,Female
5110,0.0,Female
5111,0.5,Female
5112,0.4444444444444444,Female
5113,0.5,Female
5114,0.0,Female
5115,0.5240506329113924,Male
5116,0.18545454545454546,Female
5117,0.0,Female
5118,0.1935483870967742,Female
5119,0.0,Female
5120,0.6415094339622641,Male
5121,0.5,Female
5122,0.11764705882352941,Female
5123,0.5240506329113924,Male
5124,0.5240506329113924,Male
5125,0.02,Female
5126,0.1935483870967742,Female
5127,0.0,Female
5128,0.5240506329113924,Male
5129,0.18545454545454546,Female
5130,0.39603960396039606,Female
5131,0.18545454545454546,Female
5132,0.0,Female
5133,0.3684210526315789,Female
5134,0.23853211009174313,Female
5135,0.18545454545454546,Female
5136,0.0,Female
5137,0.5240506329113924,Male
5138,0.25766871165644173,Female
5139,0.39603960396039606,Female
5140,0.54,Male
5141,0.5876288659793815,Male
5142,0.42857142857142855,Female
5143,0.4787234042553192,Female
5144,0.39603960396039606,Female
5145,0.0,Female
5146,0.09523809523809523,Female
5147,0.54,Male
5148,1.0,Male
5149,0.5240506329113924,Male
5150,0.0,Female
5151,1.0,Male
5152,0.6415094339622641,Male
5153,0.3684210526315789,Female
5154,0.373134328358209,Female
5155,0.0,Female
5156,0.25766871165644173,Female
5157,0.6764705882352942,Male
5158,0.18545454545454546,Female
5159,0.5240506329113924,Male
5160,0.4787234042553192,Female
5161,0.1935483870967742,Female
5162,1.0,Male
5163,1.0,Male
5164,0.4787234042553192,Female
5165,0.39603960396039606,Female
5166,0.0,Female
5167,0.1935483870967742,Female
5168,0.18545454545454546,Female
5169,0.6578947368421053,Male
5170,0.39603960396039606,Female
5171,0.4787234042553192,Female
5172,0.18545454545454546,Female
5173,0.6415094339622641,Male
5174,1.0,Male
5175,0.6415094339622641,Male
5176,0.0,Female
5177,0.0,Female
5178,0.07142857142857142,Female
5179,0.8333333333333334,Male
5180,0.0,Female
5181,0.6578947368421053,Male
5182,0.39603960396039606,Female
5183,0.18545454545454546,Female
5184,0.4444444444444444,Female
5185,0.02,Female
5186,1.0,Male
5187,0.0,Female
5188,0.5876288659793815,Male
5189,0.5240506329113924,Male
5190,1.0,Male
5191,0.1,Female
5192,0.0,Female
5193,0.0,Female
5194,0.54,Male
5195,0.18545454545454546,Female
5196,0.5714285714285714,Male
5197,0.0,Female
5198,0.54,Male
5199,0.23853211009174313,Female
5200,0.5876288659793815,Male
5201,0.18545454545454546,Female
5202,0.02,Female
5203,0.3684210526315789,Female
5204,0.23853211009174313,Female
5205,0.39603960396039606,Female
5206,0.0,Female
5207,0.1,Female
5208,0.6415094339622641,Male
5209,1.0,Male
5210,0.25766871165644173,Female
5211,0.23853211009174313,Female
5212,0.4444444444444444,Female
5213,0.25766871165644173,Female
5214,0.5240506329113924,Male
5215,0.23853211009174313,Female
5216,0.0,Female
5217,0.5876288659793815,Male
5218,0.8888888888888888,Male
5219,0.39603960396039606,Female
5220,0.5240506329113924,Male
5221,0.4777777777777778,Female
5222,0.0,Female
5223,0.07142857142857142,Female
5224,0.0,Female
5225,0.5240506329113924,Male
5226,0.4777777777777778,Female
5227,0.0,Female
5228,0.4787234042553192,Female
5229,0.4787234042553192,Female
5230,1.0,Male
5231,0.5240506329113924,Male
5232,0.39603960396039606,Female
5233,0.5240506329113924,Male
5234,0.39603960396039606,Female
5235,0.5,Female
5236,0.0,Female
5237,0.4444444444444444,Female
5238,0.4777777777777778,Female
5239,0.1935483870967742,Female
5240,0.18545454545454546,Female
5241,0.5240506329113924,Male
5242,0.0,Female
5243,1.0,Male
5244,0.1935483870967742,Female
5245,0.0,Female
5246,1.0,Male
5247,0.4787234042553192,Female
5248,0.0,Female
5249,0.0,Female
5250,0.6666666666666666,Male
5251,1.0,Male
5252,0.0,Female
5253,0.0,Female
5254,0.39603960396039606,Female
5255,0.0,Female
5256,0.4444444444444444,Female
5257,0.373134328358209,Female
5258,0.4777777777777778,Female
5259,0.0,Female
5260,0.18545454545454546,Female
5261,0.32,Female
5262,0.18545454545454546,Female
5263,0.18545454545454546,Female
5264,0.8181818181818182,Male
5265,0.0,Female
5266,0.39603960396039606,Female
5267,0.0,Female
5268,0.1111111111111111,Female
5269,1.0,Male
5270,0.09523809523809523,Female
5271,0.4787234042553192,Female
5272,0.5240506329113924,Male
5273,0.5240506329113924,Male
5274,0.02,Female
5275,0.0,Female
5276,0.0,Female
5277,0.0,Female
5278,0.18545454545454546,Female
5279,0.0,Female
5280,0.23853211009174313,Female
5281,0.4787234042553192,Female
5282,0.25766871165644173,Female
5283,0.1935483870967742,Female
5284,0.25766871165644173,Female
5285,0.09523809523809523,Female
5286,0.6415094339622641,Male
5287,0.23853211009174313,Female
5288,0.4787234042553192,Female
5289,0.32,Female
5290,0.25766871165644173,Female
5291,0.1,Female
5292,0.25766871165644173,Female
5293,0.6764705882352942,Male
5294,1.0,Male
5295,0.18545454545454546,Female
5296,0.4787234042553192,Female
5297,0.6415094339622641,Male
5298,0.18545454545454546,Female
5299,0.4787234042553192,Female
5300,0.0,Female
5301,0.23853211009174313,Female
5302,0.18545454545454546,Female
5303,0.6415094339622641,Male
5304,0.5240506329113924,Male
5305,0.39603960396039606,Female
5306,0.25766871165644173,Female
5307,0.25766871165644173,Female
5308,0.0,Female
5309,0.4787234042553192,Female
5310,0.25766871165644173,Female
5311,0.0,Female
5312,0.18545454545454546,Female
5313,0.0,Female
5314,0.8333333333333334,Male
5315,0.02,Female
5316,1.0,Male
5317,1.0,Male
5318,0.4777777777777778,Female
5319,0.23853211009174313,Female
5320,0.5,Female
5321,0.5240506329113924,Male
5322,0.1935483870967742,Female
5323,0.4777777777777778,Female
5324,0.54,Male
5325,0.39603960396039606,Female
5326,0.7777777777777778,Male
5327,0.0,Female
5328,0.18545454545454546,Female
5329,0.5240506329113924,Male
5330,0.38461538461538464,Female
5331,0.18545454545454546,Female
5332,0.4444444444444444,Female
5333,1.0,Male
5334,0.8333333333333334,Male
5335,1.0,Male
5336,0.6764705882352942,Male
5337,0.3684210526315789,Female
5338,0.18545454545454546,Female
5339,1.0,Male
5340,0.18545454545454546,Female
5341,0.18545454545454546,Female
5342,0.39603960396039606,Female
5343,0.4787234042553192,Female
5344,0.5240506329113924,Male
5345,0.7777777777777778,Male
5346,0.23853211009174313,Female
5347,0.5240506329113924,Male
5348,0.18545454545454546,Female
5349,0.4787234042553192,Female
5350,0.0,Female
5351,1.0,Male
5352,0.0,Female
5353,0.5876288659793815,Male
5354,0.8333333333333334,Male
5355,0.4777777777777778,Female
5356,0.5240506329113924,Male
5357,1.0,Male
5358,0.3684210526315789,Female
5359,0.0,Female
5360,1.0,Male
5361,0.0,Female
5362,0.3684210526315789,Female
5363,0.6578947368421053,Male
5364,0.0,Female
5365,0.5876288659793815,Male
5366,1.0,Male
5367,0.8181818181818182,Male
5368,0.39603960396039606,Female
5369,0.18545454545454546,Female
5370,0.3684210526315789,Female
5371,0.5876288659793815,Male
5372,0.54,Male
5373,0.54,Male
5374,0.0,Female
5375,0.18545454545454546,Female
5376,0.0,Female
5377,0.4777777777777778,Female
5378,0.23853211009174313,Female
5379,0.0,Female
5380,1.0,Male
5381,0.0,Female
5382,0.0,Female
5383,0.0,Female
5384,0.54,Male
5385,0.18545454545454546,Female
5386,0.23853211009174313,Female
5387,0.39603960396039606,Female
5388,0.0,Female
5389,0.8333333333333334,Male
5390,0.39603960396039606,Female
5391,0.18545454545454546,Female
5392,0.5240506329113924,Male
5393,0.02,Female
5394,0.39603960396039606,Female
5395,0.5876288659793815,Male
5396,0.5240506329113924,Male
5397,0.0,Female
5398,0.1935483870967742,Female
5399,0.18545454545454546,Female
5400,0.0,Female
5401,0.39603960396039606,Female
5402,0.23853211009174313,Female
5403,0.0,Female
5404,0.39603960396039606,Female
5405,0.42105263157894735,Female
5406,0.23853211009174313,Female
5407,0.0,Female
5408,0.0,Female
5409,1.0,Male
5410,0.5240506329113924,Male
5411,0.39603960396039606,Female
5412,0.5240506329113924,Male
5413,0.18545454545454546,Female
5414,1.0,Male
5415,0.0,Female
5416,0.4777777777777778,Female
5417,0.5240506329113924,Male
5418,0.0,Female
5419,0.18545454545454546,Female
5420,0.8181818181818182,Male
5421,0.1,Female
5422,0.0,Female
5423,0.3684210526315789,Female
5424,1.0,Male
5425,1.0,Male
5426,0.0,Female
5427,0.6415094339622641,Male
5428,0.25766871165644173,Female
5429,0.0,Female
5430,0.42105263157894735,Female
5431,0.3684210526315789,Female
5432,0.18545454545454546,Female
5433,0.5240506329113924,Male
5434,0.0,Female
5435,0.18545454545454546,Female
5436,0.4444444444444444,Female
5437,1.0,Male
5438,0.5240506329113924,Male
5439,1.0,Male
5440,0.39603960396039606,Female
5441,0.18545454545454546,Female
5442,0.5240506329113924,Male
5443,0.18545454545454546,Female
5444,0.3684210526315789,Female
5445,0.1,Female
5446,0.3684210526315789,Female
5447,0.1935483870967742,Female
5448,0.4777777777777778,Female
5449,0.23853211009174313,Female
5450,0.5240506329113924,Male
5451,0.18545454545454546,Female
5452,0.3684210526315789,Female
5453,0.23853211009174313,Female
5454,1.0,Male
5455,0.0,Female
5456,0.0,Female
5457,0.0,Female
5458,0.6764705882352942,Male
5459,0.5240506329113924,Male
5460,0.6415094339622641,Male
5461,0.25766871165644173,Female
5462,1.0,Male
5463,1.0,Male
5464,0.18545454545454546,Female
5465,1.0,Male
5466,0.18545454545454546,Female
5467,0.1935483870967742,Female
5468,0.42105263157894735,Female
5469,0.40540540540540543,Female
5470,1.0,Male
5471,0.39603960396039606,Female
5472,0.25766871165644173,Female
5473,0.39603960396039606,Female
5474,0.18545454545454546,Female
5475,1.0,Male
5476,0.1,Female
5477,0.0,Female
5478,0.23853211009174313,Female
5479,0.1935483870967742,Female
5480,0.0,Female
5481,0.5714285714285714,Male
5482,0.4787234042553192,Female
5483,0.75,Male
5484,0.0,Female
5485,0.4787234042553192,Female
5486,0.1935483870967742,Female
5487,0.02,Female
5488,0.4787234042553192,Female
5489,0.38461538461538464,Female
5490,0.09090909090909091,Female
5491,0.25766871165644173,Female
5492,0.4787234042553192,Female
5493,0.0,Female
5494,0.0,Female
5495,0.39603960396039606,Female
5496,0.6578947368421053,Male
5497,1.0,Male
5498,0.02,Female
5499,0.5876288659793815,Male
5500,0.09523809523809523,Female
5501,0.5240506329113924,Male
5502,0.4777777777777778,Female
5503,0.18545454545454546,Female
5504,0.3684210526315789,Female
5505,0.0,Female
5506,0.4787234042553192,Female
5507,0.23853211009174313,Female
5508,0.5876288659793815,Male
5509,0.0,Female
5510,0.18545454545454546,Female
5511,0.5240506329113924,Male
5512,0.39603960396039606,Female
5513,0.4777777777777778,Female
5514,0.42105263157894735,Female
5515,0.25766871165644173,Female
5516,0.02,Female
5517,0.32,Female
5518,0.6764705882352942,Male
5519,0.5240506329113924,Male
5520,0.39603960396039606,Female
5521,0.0,Female
5522,0.6578947368421053,Male
5523,1.0,Male
5524,0.0,Female
5525,0.5240506329113924,Male
5526,0.0,Female
5527,0.02,Female
5528,0.4787234042553192,Female
5529,0.3684210526315789,Female
5530,0.0,Female
5531,0.7777777777777778,Male
5532,0.4444444444444444,Female
5533,1.0,Male
5534,0.0,Female
5535,0.18545454545454546,Female
5536,0.4787234042553192,Female
5537,0.0,Female
5538,0.5240506329113924,Male
5539,0.5240506329113924,Male
5540,0.0,Female
5541,0.5240506329113924,Male
5542,1.0,Male
5543,0.5876288659793815,Male
5544,0.39603960396039606,Female
5545,0.39603960396039606,Female
5546,0.1,Female
5547,0.25766871165644173,Female
5548,0.0,Female
5549,0.18545454545454546,Female
5550,0.0,Female
5551,0.09523809523809523,Female
5552,0.0,Female
5553,0.5240506329113924,Male
5554,0.39603960396039606,Female
5555,0.18545454545454546,Female
5556,0.3684210526315789,Female
5557,0.5240506329113924,Male
5558,0.4787234042553192,Female
5559,0.42857142857142855,Female
5560,0.02,Female
5561,1.0,Male
5562,0.5240506329113924,Male
5563,1.0,Male
5564,0.40540540540540543,Female
5565,0.4444444444444444,Female
5566,0.39603960396039606,Female
5567,1.0,Male
5568,0.07142857142857142,Female
5569,0.3684210526315789,Female
5570,1.0,Male
5571,0.0,Female
5572,0.0,Female
5573,0.3333333333333333,Female
5574,0.4787234042553192,Female
5575,0.25766871165644173,Female
5576,0.3684210526315789,Female
5577,0.0,Female
5578,0.25766871165644173,Female
5579,0.6578947368421053,Male
5580,0.6764705882352942,Male
5581,0.0,Female
5582,1.0,Male
5583,0.1,Female
5584,0.54,Male
5585,1.0,Male
5586,0.4787234042553192,Female
5587,0.5240506329113924,Male
5588,0.25766871165644173,Female
5589,1.0,Male
5590,1.0,Male
5591,0.0,Female
5592,0.39603960396039606,Female
5593,0.4787234042553192,Female
5594,1.0,Male
5595,0.39603960396039606,Female
5596,0.09090909090909091,Female
5597,0.5240506329113924,Male
5598,0.0,Female
5599,0.25766871165644173,Female
5600,0.23853211009174313,Female
5601,0.373134328358209,Female
5602,0.18545454545454546,Female
5603,0.6578947368421053,Male
5604,0.5240506329113924,Male
5605,0.5240506329113924,Male
5606,0.6415094339622641,Male
5607,0.0,Female
5608,0.25766871165644173,Female
5609,0.6415094339622641,Male
5610,0.4787234042553192,Female
5611,0.0,Female
5612,0.02,Female
5613,0.0,Female
5614,0.5240506329113924,Male
5615,0.0,Female
5616,0.4777777777777778,Female
5617,0.25766871165644173,Female
5618,0.4444444444444444,Female
5619,0.4787234042553192,Female
5620,0.0,Female
5621,0.25766871165644173,Female
5622,0.4444444444444444,Female
5623,0.0,Female
5624,0.42105263157894735,Female
5625,0.4787234042553192,Female
5626,0.3684210526315789,Female
5627,0.18545454545454546,Female
5628,0.39603960396039606,Female
5629,0.2,Female
5630,0.5876288659793815,Male
5631,0.0,Female
5632,0.39603960396039606,Female
5633,0.0,Female
5634,0.4444444444444444,Female
5635,0.2,Female
5636,0.5240506329113924,Male
5637,0.0,Female
5638,0.54,Male
5639,0.18545454545454546,Female
5640,1.0,Male
5641,1.0,Male
5642,0.25766871165644173,Female
5643,0.18545454545454546,Female
5644,1.0,Male
5645,0.0,Female
5646,0.32,Female
5647,0.0,Female
5648,0.3684210526315789,Female
5649,0.4787234042553192,Female
5650,0.1935483870967742,Female
5651,0.25766871165644173,Female
5652,0.5876288659793815,Male
5653,0.5240506329113924,Male
5654,0.39603960396039606,Female
5655,0.6415094339622641,Male
5656,0.4787234042553192,Female
5657,0.4787234042553192,Female
5658,0.0,Female
5659,0.6415094339622641,Male
5660,0.02,Female
5661,0.09523809523809523,Female
5662,0.3333333333333333,Female
5663,0.6764705882352942,Male
5664,0.40540540540540543,Female
5665,0.25766871165644173,Female
5666,0.5240506329113924,Male
5667,0.6415094339622641,Male
5668,1.0,Male
5669,0.18545454545454546,Female
5670,0.0,Female
5671,0.6764705882352942,Male
5672,0.4787234042553192,Female
5673,0.1935483870967742,Female
5674,0.40540540540540543,Female
5675,0.18181818181818182,Female
5676,0.1935483870967742,Female
5677,0.0,Female
5678,0.5240506329113924,Male
5679,0.5876288659793815,Male
5680,0.0,Female
5681,0.02,Female
5682,0.1935483870967742,Female
5683,0.18545454545454546,Female
5684,0.0,Female
5685,0.1,Female
5686,0.4787234042553192,Female
5687,0.6415094339622641,Male
5688,0.6415094339622641,Male
5689,0.4777777777777778,Female
5690,0.39603960396039606,Female
5691,0.3684210526315789,Female
5692,0.6578947368421053,Male
5693,0.39603960396039606,Female
5694,0.18181818181818182,Female
5695,1.0,Male
5696,1.0,Male
5697,0.18545454545454546,Female
5698,1.0,Male
5699,0.23853211009174313,Female
5700,0.0,Female
5701,0.39603960396039606,Female
5702,0.5,Female
5703,0.4444444444444444,Female
5704,0.02,Female
5705,0.4444444444444444,Female
5706,0.5240506329113924,Male
5707,0.0,Female
5708,0.5240506329113924,Male
5709,0.39603960396039606,Female
5710,0.09090909090909091,Female
5711,0.39603960396039606,Female
5712,0.18545454545454546,Female
5713,0.39603960396039606,Female
5714,0.23853211009174313,Female
5715,0.8333333333333334,Male
5716,0.25766871165644173,Female
5717,0.0,Female
5718,0.3684210526315789,Female
5719,1.0,Male
5720,0.18545454545454546,Female
5721,0.5240506329113924,Male
5722,0.18545454545454546,Female
5723,0.18545454545454546,Female
5724,0.0,Female
5725,0.0,Female
5726,0.18545454545454546,Female
5727,0.1935483870967742,Female
5728,0.0,Female
5729,0.0,Female
5730,0.0,Female
5731,0.0,Female
5732,1.0,Male
5733,0.4787234042553192,Female
5734,0.6578947368421053,Male
5735,0.0,Female
5736,0.40540540540540543,Female
5737,0.4777777777777778,Female
5738,0.0,Female
5739,1.0,Male
5740,0.18181818181818182,Female
5741,0.02,Female
5742,0.5240506329113924,Male
5743,0.4444444444444444,Female
5744,0.18545454545454546,Female
5745,0.39603960396039606,Female
5746,0.1,Female
5747,0.0,Female
5748,1.0,Male
5749,0.18545454545454546,Female
5750,0.0,Female
5751,0.6415094339622641,Male
5752,0.3333333333333333,Female
5753,1.0,Male
5754,1.0,Male
5755,0.1935483870967742,Female
5756,0.38461538461538464,Female
5757,0.0,Female
5758,0.25766871165644173,Female
5759,0.5240506329113924,Male
5760,1.0,Male
5761,0.02,Female
5762,0.4787234042553192,Female
5763,0.0,Female
5764,0.18545454545454546,Female
5765,0.0,Female
5766,0.1935483870967742,Female
5767,0.18545454545454546,Female
5768,0.3684210526315789,Female
5769,0.6578947368421053,Male
5770,1.0,Male
5771,0.6415094339622641,Male
5772,1.0,Male
5773,0.18545454545454546,Female
5774,0.39603960396039606,Female
5775,0.5240506329113924,Male
5776,0.3684210526315789,Female
5777,0.5240506329113924,Male
5778,0.5240506329113924,Male
5779,0.6764705882352942,Male
5780,0.373134328358209,Female
5781,1.0,Male
5782,0.5240506329113924,Male
5783,0.18545454545454546,Female
5784,0.18545454545454546,Female
5785,0.18545454545454546,Female
5786,0.5240506329113924,Male
5787,0.5240506329113924,Male
5788,0.39603960396039606,Female
5789,0.0,Female
5790,0.1935483870967742,Female
5791,0.0,Female
5792,0.5876288659793815,Male
5793,1.0,Male
5794,0.3684210526315789,Female
5795,0.25766871165644173,Female
5796,0.0,Female
5797,0.373134328358209,Female
5798,0.4787234042553192,Female
5799,1.0,Male
5800,0.18545454545454546,Female
5801,0.25766871165644173,Female
5802,0.5240506329113924,Male
5803,0.1935483870967742,Female
5804,0.5240506329113924,Male
5805,0.5240506329113924,Male
5806,0.39603960396039606,Female
5807,1.0,Male
5808,0.0,Female
5809,0.25766871165644173,Female
5810,0.4444444444444444,Female
5811,0.0,Female
5812,0.0,Female
5813,0.4444444444444444,Female
5814,0.39603960396039606,Female
5815,0.4787234042553192,Female
5816,1.0,Male
5817,0.5240506329113924,Male
5818,1.0,Male
5819,0.5240506329113924,Male
5820,0.6578947368421053,Male
5821,0.4444444444444444,Female
5822,0.6415094339622641,Male
5823,0.18545454545454546,Female
5824,0.23853211009174313,Female
5825,0.0,Female
5826,0.4777777777777778,Female
5827,0.4787234042553192,Female
5828,0.02,Female
5829,0.1935483870967742,Female
5830,0.5876288659793815,Male
5831,1.0,Male
5832,0.4444444444444444,Female
5833,0.0,Female
5834,0.23853211009174313,Female
5835,0.3684210526315789,Female
5836,1.0,Male
5837,0.5240506329113924,Male
5838,1.0,Male
5839,0.39603960396039606,Female
5840,0.8333333333333334,Male
5841,1.0,Male
5842,0.39603960396039606,Female
5843,0.8333333333333334,Male
5844,0.18545454545454546,Female
5845,0.54,Male
5846,0.1,Female
5847,0.4787234042553192,Female
5848,0.5240506329113924,Male
5849,0.0,Female
5850,0.0,Female
5851,0.39603960396039606,Female
5852,1.0,Male
5853,0.4787234042553192,Female
5854,1.0,Male
5855,0.8333333333333334,Male
5856,0.4787234042553192,Female
5857,0.1935483870967742,Female
5858,0.18545454545454546,Female
5859,0.54,Male
5860,0.0,Female
5861,0.02,Female
5862,0.1935483870967742,Female
5863,0.1935483870967742,Female
5864,1.0,Male
5865,0.39603960396039606,Female
5866,0.39603960396039606,Female
5867,0.18545454545454546,Female
5868,0.54,Male
5869,0.4777777777777778,Female
5870,0.39603960396039606,Female
5871,0.4777777777777778,Female
5872,0.2,Female
5873,0.25766871165644173,Female
5874,0.18545454545454546,Female
5875,0.25766871165644173,Female
5876,1.0,Male
5877,0.5240506329113924,Male
5878,0.4444444444444444,Female
5879,0.3333333333333333,Female
5880,1.0,Male
5881,0.6578947368421053,Male
5882,0.4787234042553192,Female
5883,0.4444444444444444,Female
5884,0.42105263157894735,Female
5885,0.3684210526315789,Female
5886,0.42105263157894735,Female
5887,1.0,Male
5888,1.0,Male
5889,0.8181818181818182,Male
5890,0.5240506329113924,Male
5891,0.4787234042553192,Female
5892,0.5240506329113924,Male
5893,1.0,Male
5894,0.5876288659793815,Male
5895,0.5240506329113924,Male
5896,0.5876288659793815,Male
5897,0.4787234042553192,Female
5898,0.0,Female
5899,0.18545454545454546,Female
5900,0.18545454545454546,Female
5901,0.0,Female
5902,0.11764705882352941,Female
5903,0.4444444444444444,Female
5904,0.18545454545454546,Female
5905,1.0,Male
5906,0.39603960396039606,Female
5907,0.32,Female
5908,0.5240506329113924,Male
5909,0.2,Female
5910,0.39603960396039606,Female
5911,0.25766871165644173,Female
5912,0.8888888888888888,Male
5913,1.0,Male
5914,0.0,Female
5915,0.0,Female
5916,0.5876288659793815,Male
5917,0.5240506329113924,Male
5918,0.5240506329113924,Male
5919,0.5240506329113924,Male
5920,0.1935483870967742,Female
5921,0.18545454545454546,Female
5922,0.39603960396039606,Female
5923,0.5240506329113924,Male
5924,0.6764705882352942,Male
5925,0.18545454545454546,Female
5926,1.0,Male
5927,0.373134328358209,Female
5928,0.42105263157894735,Female
5929,0.18545454545454546,Female
5930,0.5240506329113924,Male
5931,0.0,Female
5932,0.5240506329113924,Male
5933,0.18545454545454546,Female
5934,0.0,Female
5935,0.25766871165644173,Female
5936,0.18545454545454546,Female
5937,0.4787234042553192,Female
5938,0.0,Female
5939,0.5876288659793815,Male
5940,1.0,Male
5941,0.3684210526315789,Female
5942,0.0,Female
5943,0.4777777777777778,Female
5944,0.0,Female
5945,0.25766871165644173,Female
5946,0.1935483870967742,Female
5947,0.0,Female
5948,0.5240506329113924,Male
5949,0.07142857142857142,Female
5950,0.40540540540540543,Female
5951,0.8333333333333334,Male
5952,0.25766871165644173,Female
5953,0.2,Female
5954,1.0,Male
5955,0.5240506329113924,Male
5956,0.0,Female
5957,0.23853211009174313,Female
5958,0.4444444444444444,Female
5959,0.09523809523809523,Female
5960,0.8333333333333334,Male
5961,0.0,Female
5962,1.0,Male
5963,0.18545454545454546,Female
5964,0.4777777777777778,Female
5965,0.42105263157894735,Female
5966,0.8181818181818182,Male
5967,0.5240506329113924,Male
5968,0.6578947368421053,Male
5969,0.4777777777777778,Female
5970,0.0,Female
5971,0.5240506329113924,Male
5972,0.0,Female
5973,0.4787234042553192,Female
5974,0.5240506329113924,Male
5975,0.8181818181818182,Male
5976,0.25766871165644173,Female
5977,0.5876288659793815,Male
5978,0.5240506329113924,Male
5979,1.0,Male
5980,0.4787234042553192,Female
5981,0.4777777777777778,Female
